fingerprint_id,n_nodes,n_parameters,attention_variant,norm_type,payload,first_seen_at
0dd2836105bbcca5,350,81920256,mha,layernorm,"{""activation_fns"":[""Erf""],""attention_variant"":""mha"",""dtype_histogram"":{""float"":100},""hidden_size"":null,""input_shapes"":{""attention_mask"":[1,128],""input_ids"":[1,128]},""kv_cache_layout"":null,""n_heads"":12,""n_initializers"":100,""n_kv_heads"":12,""n_layers"":6,""n_nodes"":350,""n_parameters"":81920256,""norm_type"":""layernorm"",""op_histogram"":{""Add"":63,""And"":2,""Cast"":4,""Concat"":1,""Constant"":88,""ConstantOfShape"":3,""Div"":6,""Equal"":2,""Erf"":6,""Expand"":2,""Flatten"":1,""Gather"":4,""GreaterOrEqual"":1,""IsNaN"":6,""LayerNormalization"":13,""MatMul"":48,""Mul"":28,""Reshape"":26,""Shape"":2,""Softmax"":6,""Transpose"":24,""Where"":14},""opset"":{""ai.onnx"":17},""output_shapes"":{""last_hidden_state"":[1,128,768]}}",2026-08-08 15:32:00.28847-04
ec4afc55a765d02c,585,81920256,mha,layernorm,"{""activation_fns"":[""Erf""],""attention_variant"":""mha"",""dtype_histogram"":{""float"":100},""hidden_size"":null,""input_shapes"":{""attention_mask"":[""batch"",""sequence""],""input_ids"":[""batch"",""sequence""]},""kv_cache_layout"":null,""n_heads"":12,""n_initializers"":100,""n_kv_heads"":12,""n_layers"":6,""n_nodes"":585,""n_parameters"":81920256,""norm_type"":""layernorm"",""op_histogram"":{""Add"":63,""And"":2,""Cast"":8,""Concat"":27,""Constant"":189,""ConstantOfShape"":3,""Div"":6,""Equal"":2,""Erf"":6,""Expand"":2,""Flatten"":1,""Gather"":22,""GreaterOrEqual"":1,""IsNaN"":6,""LayerNormalization"":13,""MatMul"":48,""Mul"":28,""Range"":4,""Reshape"":28,""Shape"":21,""Softmax"":6,""Transpose"":24,""Unsqueeze"":61,""Where"":14},""opset"":{""ai.onnx"":17},""output_shapes"":{""last_hidden_state"":[""batch"",""LayerNormalizationlast_hidden_state_dim_1"",768]}}",2026-08-08 15:32:00.289471-04
0c196faa435b3302,484,81920332,mha,layernorm,"{""activation_fns"":[""Erf""],""attention_variant"":""mha"",""dtype_histogram"":{""float"":100,""int8"":72,""uint8"":4},""hidden_size"":null,""input_shapes"":{""attention_mask"":[1,128],""input_ids"":[1,128]},""kv_cache_layout"":null,""n_heads"":12,""n_initializers"":176,""n_kv_heads"":12,""n_layers"":6,""n_nodes"":484,""n_parameters"":81920332,""norm_type"":""layernorm"",""op_histogram"":{""Add"":63,""And"":2,""Cast"":40,""Concat"":1,""Constant"":88,""ConstantOfShape"":3,""DequantizeLinear"":2,""Div"":6,""DynamicQuantizeLinear"":24,""Equal"":2,""Erf"":6,""Expand"":2,""Flatten"":1,""Gather"":4,""GreaterOrEqual"":1,""IsNaN"":6,""LayerNormalization"":13,""MatMul"":12,""MatMulInteger"":36,""Mul"":100,""Reshape"":26,""Shape"":2,""Softmax"":6,""Transpose"":24,""Where"":14},""opset"":{""ai.onnx"":17},""output_shapes"":{""last_hidden_state"":[1,128,768]}}",2026-08-08 15:32:00.290474-04
7a8814059d4502cb,484,82003204,mha,layernorm,"{""activation_fns"":[""Erf""],""attention_variant"":""mha"",""dtype_histogram"":{""float"":100,""int8"":72,""uint8"":4},""hidden_size"":null,""input_shapes"":{""attention_mask"":[1,128],""input_ids"":[1,128]},""kv_cache_layout"":null,""n_heads"":12,""n_initializers"":176,""n_kv_heads"":12,""n_layers"":6,""n_nodes"":484,""n_parameters"":82003204,""norm_type"":""layernorm"",""op_histogram"":{""Add"":63,""And"":2,""Cast"":40,""Concat"":1,""Constant"":88,""ConstantOfShape"":3,""DequantizeLinear"":2,""Div"":6,""DynamicQuantizeLinear"":24,""Equal"":2,""Erf"":6,""Expand"":2,""Flatten"":1,""Gather"":4,""GreaterOrEqual"":1,""IsNaN"":6,""LayerNormalization"":13,""MatMul"":12,""MatMulInteger"":36,""Mul"":100,""Reshape"":26,""Shape"":2,""Softmax"":6,""Transpose"":24,""Where"":14},""opset"":{""ai.onnx"":17},""output_shapes"":{""last_hidden_state"":[1,128,768]}}",2026-08-08 15:32:00.291454-04
a947ccbac1e3bffa,632,85798656,mha,layernorm,"{""activation_fns"":[""Erf""],""attention_variant"":""mha"",""dtype_histogram"":{""float"":198},""hidden_size"":null,""input_shapes"":{""pixel_values"":[1,3,224,224]},""kv_cache_layout"":null,""n_heads"":12,""n_initializers"":198,""n_kv_heads"":12,""n_layers"":12,""n_nodes"":632,""n_parameters"":85798656,""norm_type"":""layernorm"",""op_histogram"":{""Add"":121,""Concat"":2,""Constant"":156,""ConstantOfShape"":2,""Conv"":1,""Div"":12,""Equal"":2,""Erf"":12,""Expand"":2,""GreaterOrEqual"":1,""IsNaN"":12,""LayerNormalization"":25,""MatMul"":96,""Mul"":50,""Reshape"":49,""Shape"":1,""Slice"":1,""Softmax"":12,""Transpose"":49,""Where"":26},""opset"":{""ai.onnx"":17},""output_shapes"":{""last_hidden_state"":[1,197,768]}}",2026-08-08 15:32:00.29245-04
09437f57ffe4f5c7,1013,85798656,mha,layernorm,"{""activation_fns"":[""Erf""],""attention_variant"":""mha"",""dtype_histogram"":{""float"":198},""hidden_size"":null,""input_shapes"":{""pixel_values"":[""batch"",3,224,224]},""kv_cache_layout"":null,""n_heads"":12,""n_initializers"":198,""n_kv_heads"":12,""n_layers"":12,""n_nodes"":1013,""n_parameters"":85798656,""norm_type"":""layernorm"",""op_histogram"":{""Add"":121,""Cast"":1,""Concat"":52,""Constant"":324,""ConstantOfShape"":2,""Conv"":1,""Div"":12,""Equal"":2,""Erf"":12,""Expand"":2,""Gather"":27,""GreaterOrEqual"":1,""IsNaN"":12,""LayerNormalization"":25,""MatMul"":96,""Mul"":50,""Range"":1,""Reshape"":51,""Shape"":30,""Slice"":1,""Softmax"":12,""Transpose"":49,""Unsqueeze"":103,""Where"":26},""opset"":{""ai.onnx"":17},""output_shapes"":{""last_hidden_state"":[""batch"",""LayerNormalizationlast_hidden_state_dim_1"",""LayerNormalizationlast_hidden_state_dim_2""]}}",2026-08-08 15:32:00.293468-04
af46bf37715551b7,634,85798656,mha,layernorm,"{""activation_fns"":[""Erf""],""attention_variant"":""mha"",""dtype_histogram"":{""float16"":198},""hidden_size"":null,""input_shapes"":{""pixel_values"":[1,3,224,224]},""kv_cache_layout"":null,""n_heads"":12,""n_initializers"":198,""n_kv_heads"":12,""n_layers"":12,""n_nodes"":634,""n_parameters"":85798656,""norm_type"":""layernorm"",""op_histogram"":{""Add"":121,""Cast"":2,""Concat"":2,""Constant"":156,""ConstantOfShape"":2,""Conv"":1,""Div"":12,""Equal"":2,""Erf"":12,""Expand"":2,""GreaterOrEqual"":1,""IsNaN"":12,""LayerNormalization"":25,""MatMul"":96,""Mul"":50,""Reshape"":49,""Shape"":1,""Slice"":1,""Softmax"":12,""Transpose"":49,""Where"":26},""opset"":{""ai.onnx"":17},""output_shapes"":{""last_hidden_state"":[1,197,768]}}",2026-08-08 15:32:00.29448-04
8d088efd526d26ed,902,85798806,mha,layernorm,"{""activation_fns"":[""Erf""],""attention_variant"":""mha"",""dtype_histogram"":{""float"":198,""int64"":1,""int8"":146},""hidden_size"":null,""input_shapes"":{""pixel_values"":[1,3,224,224]},""kv_cache_layout"":null,""n_heads"":12,""n_initializers"":345,""n_kv_heads"":12,""n_layers"":12,""n_nodes"":902,""n_parameters"":85798806,""norm_type"":""layernorm"",""op_histogram"":{""Add"":122,""Cast"":73,""Concat"":2,""Constant"":156,""ConstantOfShape"":2,""ConvInteger"":1,""Div"":12,""DynamicQuantizeLinear"":49,""Equal"":2,""Erf"":12,""Expand"":2,""GreaterOrEqual"":1,""IsNaN"":12,""LayerNormalization"":25,""MatMul"":24,""MatMulInteger"":72,""Mul"":196,""Reshape"":50,""Shape"":1,""Slice"":1,""Softmax"":12,""Transpose"":49,""Where"":26},""opset"":{""ai.onnx"":17},""output_shapes"":{""last_hidden_state"":[1,197,768]}}",2026-08-08 15:32:00.295567-04
4b03d33549696428,902,85964550,mha,layernorm,"{""activation_fns"":[""Erf""],""attention_variant"":""mha"",""dtype_histogram"":{""float"":198,""int64"":1,""int8"":146},""hidden_size"":null,""input_shapes"":{""pixel_values"":[1,3,224,224]},""kv_cache_layout"":null,""n_heads"":12,""n_initializers"":345,""n_kv_heads"":12,""n_layers"":12,""n_nodes"":902,""n_parameters"":85964550,""norm_type"":""layernorm"",""op_histogram"":{""Add"":122,""Cast"":73,""Concat"":2,""Constant"":156,""ConstantOfShape"":2,""ConvInteger"":1,""Div"":12,""DynamicQuantizeLinear"":49,""Equal"":2,""Erf"":12,""Expand"":2,""GreaterOrEqual"":1,""IsNaN"":12,""LayerNormalization"":25,""MatMul"":24,""MatMulInteger"":72,""Mul"":196,""Reshape"":50,""Shape"":1,""Slice"":1,""Softmax"":12,""Transpose"":49,""Where"":26},""opset"":{""ai.onnx"":17},""output_shapes"":{""last_hidden_state"":[1,197,768]}}",2026-08-08 15:32:00.296621-04
e5a35afd05fecf53,342,66955010,mha,layernorm,"{""activation_fns"":[""Erf"",""Relu""],""attention_variant"":""mha"",""dtype_histogram"":{""float"":104},""hidden_size"":null,""input_shapes"":{""attention_mask"":[1,128],""input_ids"":[1,128]},""kv_cache_layout"":null,""n_heads"":12,""n_initializers"":104,""n_kv_heads"":12,""n_layers"":6,""n_nodes"":342,""n_parameters"":66955010,""norm_type"":""layernorm"",""op_histogram"":{""Add"":62,""And"":2,""Cast"":3,""Concat"":1,""Constant"":84,""ConstantOfShape"":2,""Div"":6,""Equal"":1,""Erf"":6,""Expand"":1,""Flatten"":1,""Gather"":5,""Gemm"":2,""GreaterOrEqual"":1,""IsNaN"":6,""LayerNormalization"":13,""MatMul"":48,""Mul"":26,""Relu"":1,""Reshape"":26,""Shape"":2,""Softmax"":6,""Transpose"":24,""Where"":13},""opset"":{""ai.onnx"":17},""output_shapes"":{""logits"":[1,2]}}",2026-08-08 15:32:00.297655-04
1304c034ffc09ddd,564,66955010,mha,layernorm,"{""activation_fns"":[""Erf"",""Relu""],""attention_variant"":""mha"",""dtype_histogram"":{""float"":104},""hidden_size"":null,""input_shapes"":{""attention_mask"":[""batch"",""sequence""],""input_ids"":[""batch"",""sequence""]},""kv_cache_layout"":null,""n_heads"":12,""n_initializers"":104,""n_kv_heads"":12,""n_layers"":6,""n_nodes"":564,""n_parameters"":66955010,""norm_type"":""layernorm"",""op_histogram"":{""Add"":62,""And"":2,""Cast"":6,""Concat"":26,""Constant"":183,""ConstantOfShape"":2,""Div"":6,""Equal"":1,""Erf"":6,""Expand"":1,""Flatten"":1,""Gather"":19,""Gemm"":2,""GreaterOrEqual"":1,""IsNaN"":6,""LayerNormalization"":13,""MatMul"":48,""Mul"":26,""Range"":3,""Relu"":1,""Reshape"":27,""Shape"":17,""Slice"":1,""Softmax"":6,""Transpose"":24,""Unsqueeze"":61,""Where"":13},""opset"":{""ai.onnx"":17},""output_shapes"":{""logits"":[""batch"",2]}}",2026-08-08 15:32:00.298666-04
82d443669efe1c99,343,66955010,mha,layernorm,"{""activation_fns"":[""Erf"",""Relu""],""attention_variant"":""mha"",""dtype_histogram"":{""float16"":104},""hidden_size"":null,""input_shapes"":{""attention_mask"":[1,128],""input_ids"":[1,128]},""kv_cache_layout"":null,""n_heads"":12,""n_initializers"":104,""n_kv_heads"":12,""n_layers"":6,""n_nodes"":343,""n_parameters"":66955010,""norm_type"":""layernorm"",""op_histogram"":{""Add"":62,""And"":2,""Cast"":4,""Concat"":1,""Constant"":84,""ConstantOfShape"":2,""Div"":6,""Equal"":1,""Erf"":6,""Expand"":1,""Flatten"":1,""Gather"":5,""Gemm"":2,""GreaterOrEqual"":1,""IsNaN"":6,""LayerNormalization"":13,""MatMul"":48,""Mul"":26,""Relu"":1,""Reshape"":26,""Shape"":2,""Softmax"":6,""Transpose"":24,""Where"":13},""opset"":{""ai.onnx"":17},""output_shapes"":{""logits"":[1,2]}}",2026-08-08 15:32:00.29966-04
b9967d7363dfa254,486,66955090,mha,layernorm,"{""activation_fns"":[""Erf"",""Relu""],""attention_variant"":""mha"",""dtype_histogram"":{""float"":104,""int8"":76,""uint8"":4},""hidden_size"":null,""input_shapes"":{""attention_mask"":[1,128],""input_ids"":[1,128]},""kv_cache_layout"":null,""n_heads"":12,""n_initializers"":184,""n_kv_heads"":12,""n_layers"":6,""n_nodes"":486,""n_parameters"":66955090,""norm_type"":""layernorm"",""op_histogram"":{""Add"":64,""And"":2,""Cast"":41,""Concat"":1,""Constant"":84,""ConstantOfShape"":2,""DequantizeLinear"":2,""Div"":6,""DynamicQuantizeLinear"":26,""Equal"":1,""Erf"":6,""Expand"":1,""Flatten"":1,""Gather"":5,""GreaterOrEqual"":1,""IsNaN"":6,""LayerNormalization"":13,""MatMul"":12,""MatMulInteger"":38,""Mul"":102,""Relu"":1,""Reshape"":26,""Shape"":2,""Softmax"":6,""Transpose"":24,""Where"":13},""opset"":{""ai.onnx"":17},""output_shapes"":{""logits"":[1,2]}}",2026-08-08 15:32:00.300742-04
d8997a2e22c73212,486,67039498,mha,layernorm,"{""activation_fns"":[""Erf"",""Relu""],""attention_variant"":""mha"",""dtype_histogram"":{""float"":104,""int8"":76,""uint8"":4},""hidden_size"":null,""input_shapes"":{""attention_mask"":[1,128],""input_ids"":[1,128]},""kv_cache_layout"":null,""n_heads"":12,""n_initializers"":184,""n_kv_heads"":12,""n_layers"":6,""n_nodes"":486,""n_parameters"":67039498,""norm_type"":""layernorm"",""op_histogram"":{""Add"":64,""And"":2,""Cast"":41,""Concat"":1,""Constant"":84,""ConstantOfShape"":2,""DequantizeLinear"":2,""Div"":6,""DynamicQuantizeLinear"":26,""Equal"":1,""Erf"":6,""Expand"":1,""Flatten"":1,""Gather"":5,""GreaterOrEqual"":1,""IsNaN"":6,""LayerNormalization"":13,""MatMul"":12,""MatMulInteger"":38,""Mul"":102,""Relu"":1,""Reshape"":26,""Shape"":2,""Softmax"":6,""Transpose"":24,""Where"":13},""opset"":{""ai.onnx"":17},""output_shapes"":{""logits"":[1,2]}}",2026-08-08 15:32:00.301785-04
07300048e0b28559,3838,1498482688,gqa,unknown,"{""activation_fns"":[""Sigmoid""],""attention_variant"":""gqa"",""dtype_histogram"":{""float"":147},""hidden_size"":null,""input_shapes"":{""attention_mask"":[1,""total""],""input_ids"":[1,""seq""],""past.0.key"":[1,8,""past_len"",64],""past.0.value"":[1,8,""past_len"",64],""past.1.key"":[1,8,""past_len"",64],""past.1.value"":[1,8,""past_len"",64],""past.10.key"":[1,8,""past_len"",64],""past.10.value"":[1,8,""past_len"",64],""past.11.key"":[1,8,""past_len"",64],""past.11.value"":[1,8,""past_len"",64],""past.12.key"":[1,8,""past_len"",64],""past.12.value"":[1,8,""past_len"",64],""past.13.key"":[1,8,""past_len"",64],""past.13.value"":[1,8,""past_len"",64],""past.14.key"":[1,8,""past_len"",64],""past.14.value"":[1,8,""past_len"",64],""past.15.key"":[1,8,""past_len"",64],""past.15.value"":[1,8,""past_len"",64],""past.2.key"":[1,8,""past_len"",64],""past.2.value"":[1,8,""past_len"",64],""past.3.key"":[1,8,""past_len"",64],""past.3.value"":[1,8,""past_len"",64],""past.4.key"":[1,8,""past_len"",64],""past.4.value"":[1,8,""past_len"",64],""past.5.key"":[1,8,""past_len"",64],""past.5.value"":[1,8,""past_len"",64],""past.6.key"":[1,8,""past_len"",64],""past.6.value"":[1,8,""past_len"",64],""past.7.key"":[1,8,""past_len"",64],""past.7.value"":[1,8,""past_len"",64],""past.8.key"":[1,8,""past_len"",64],""past.8.value"":[1,8,""past_len"",64],""past.9.key"":[1,8,""past_len"",64],""past.9.value"":[1,8,""past_len"",64],""position_ids"":[1,""seq""]},""kv_cache_layout"":null,""n_heads"":32,""n_initializers"":147,""n_kv_heads"":8,""n_layers"":16,""n_nodes"":3838,""n_parameters"":1498482688,""norm_type"":""unknown"",""op_histogram"":{""Add"":114,""And"":2,""Cast"":142,""Concat"":196,""Constant"":1353,""ConstantOfShape"":35,""Cos"":1,""Div"":65,""Equal"":34,""Expand"":34,""Flatten"":1,""Gather"":198,""IsNaN"":16,""LessOrEqual"":1,""MatMul"":146,""Mul"":263,""Neg"":32,""Pow"":33,""Range"":3,""ReduceMean"":33,""Reshape"":132,""Shape"":231,""Sigmoid"":16,""Sin"":1,""Slice"":64,""Softmax"":16,""Sqrt"":33,""Transpose"":81,""Unsqueeze"":496,""Where"":66},""opset"":{""ai.onnx"":17},""output_shapes"":{""logits"":[""MatMullogits_dim_0"",""seq"",128256],""present.0.key"":[1,8,""total"",64],""present.0.value"":[1,8,""total"",64],""present.1.key"":[1,8,""total"",64],""present.1.value"":[1,8,""total"",64],""present.10.key"":[1,8,""total"",64],""present.10.value"":[1,8,""total"",64],""present.11.key"":[1,8,""total"",64],""present.11.value"":[1,8,""total"",64],""present.12.key"":[1,8,""total"",64],""present.12.value"":[1,8,""total"",64],""present.13.key"":[1,8,""total"",64],""present.13.value"":[1,8,""total"",64],""present.14.key"":[1,8,""total"",64],""present.14.value"":[1,8,""total"",64],""present.15.key"":[1,8,""total"",64],""present.15.value"":[1,8,""total"",64],""present.2.key"":[1,8,""total"",64],""present.2.value"":[1,8,""total"",64],""present.3.key"":[1,8,""total"",64],""present.3.value"":[1,8,""total"",64],""present.4.key"":[1,8,""total"",64],""present.4.value"":[1,8,""total"",64],""present.5.key"":[1,8,""total"",64],""present.5.value"":[1,8,""total"",64],""present.6.key"":[1,8,""total"",64],""present.6.value"":[1,8,""total"",64],""present.7.key"":[1,8,""total"",64],""present.7.value"":[1,8,""total"",64],""present.8.key"":[1,8,""total"",64],""present.8.value"":[1,8,""total"",64],""present.9.key"":[1,8,""total"",64],""present.9.value"":[1,8,""total"",64]}}",2026-08-08 15:32:00.30296-04
1c719eafe91daac0,492,87454464,mha,layernorm,"{""activation_fns"":[""Sigmoid""],""attention_variant"":""mha"",""dtype_histogram"":{""float"":197},""hidden_size"":null,""input_shapes"":{""pixel_values"":[1,3,224,224]},""kv_cache_layout"":null,""n_heads"":12,""n_initializers"":197,""n_kv_heads"":12,""n_layers"":12,""n_nodes"":492,""n_parameters"":87454464,""norm_type"":""layernorm"",""op_histogram"":{""Add"":97,""Cast"":1,""Concat"":2,""Constant"":92,""ConstantOfShape"":1,""Conv"":1,""Equal"":1,""Expand"":1,""Gather"":1,""LayerNormalization"":25,""MatMul"":96,""Mul"":49,""Reshape"":49,""Shape"":1,""Sigmoid"":12,""Slice"":1,""Softmax"":12,""Transpose"":49,""Where"":1},""opset"":{""ai.onnx"":17},""output_shapes"":{""last_hidden_state"":[1,50,768]}}",2026-08-08 15:32:00.304111-04
1fe3e16c33dd3cb8,849,87454464,mha,layernorm,"{""activation_fns"":[""Sigmoid""],""attention_variant"":""mha"",""dtype_histogram"":{""float"":197},""hidden_size"":null,""input_shapes"":{""pixel_values"":[""batch"",3,224,224]},""kv_cache_layout"":null,""n_heads"":12,""n_initializers"":197,""n_kv_heads"":12,""n_layers"":12,""n_nodes"":849,""n_parameters"":87454464,""norm_type"":""layernorm"",""op_histogram"":{""Add"":97,""Cast"":1,""Concat"":51,""Constant"":251,""ConstantOfShape"":1,""Conv"":1,""Equal"":1,""Expand"":1,""Gather"":26,""LayerNormalization"":25,""MatMul"":96,""Mul"":49,""Reshape"":50,""Shape"":27,""Sigmoid"":12,""Slice"":1,""Softmax"":12,""Transpose"":49,""Unsqueeze"":97,""Where"":1},""opset"":{""ai.onnx"":17},""output_shapes"":{""last_hidden_state"":[""batch"",""Addlast_hidden_state_dim_1"",""Addlast_hidden_state_dim_2""]}}",2026-08-08 15:32:00.305116-04
b387963b1a3530d1,761,87454612,mha,layernorm,"{""activation_fns"":[""Sigmoid""],""attention_variant"":""mha"",""dtype_histogram"":{""float"":197,""int8"":146,""uint8"":2},""hidden_size"":null,""input_shapes"":{""pixel_values"":[1,3,224,224]},""kv_cache_layout"":null,""n_heads"":12,""n_initializers"":345,""n_kv_heads"":12,""n_layers"":12,""n_nodes"":761,""n_parameters"":87454612,""norm_type"":""layernorm"",""op_histogram"":{""Add"":97,""Cast"":74,""Concat"":2,""Constant"":92,""ConstantOfShape"":1,""ConvInteger"":1,""DequantizeLinear"":1,""DynamicQuantizeLinear"":49,""Equal"":1,""Expand"":1,""Gather"":1,""LayerNormalization"":25,""MatMul"":24,""MatMulInteger"":72,""Mul"":195,""Reshape"":49,""Shape"":1,""Sigmoid"":12,""Slice"":1,""Softmax"":12,""Transpose"":49,""Where"":1},""opset"":{""ai.onnx"":17},""output_shapes"":{""last_hidden_state"":[1,50,768]}}",2026-08-08 15:32:00.306105-04
0b2c5460043afa66,761,87620356,mha,layernorm,"{""activation_fns"":[""Sigmoid""],""attention_variant"":""mha"",""dtype_histogram"":{""float"":197,""int8"":146,""uint8"":2},""hidden_size"":null,""input_shapes"":{""pixel_values"":[1,3,224,224]},""kv_cache_layout"":null,""n_heads"":12,""n_initializers"":345,""n_kv_heads"":12,""n_layers"":12,""n_nodes"":761,""n_parameters"":87620356,""norm_type"":""layernorm"",""op_histogram"":{""Add"":97,""Cast"":74,""Concat"":2,""Constant"":92,""ConstantOfShape"":1,""ConvInteger"":1,""DequantizeLinear"":1,""DynamicQuantizeLinear"":49,""Equal"":1,""Expand"":1,""Gather"":1,""LayerNormalization"":25,""MatMul"":24,""MatMulInteger"":72,""Mul"":195,""Reshape"":49,""Shape"":1,""Sigmoid"":12,""Slice"":1,""Softmax"":12,""Transpose"":49,""Where"":1},""opset"":{""ai.onnx"":17},""output_shapes"":{""last_hidden_state"":[1,50,768]}}",2026-08-08 15:32:00.307083-04
2853e7f136ca6c82,339,22565376,mha,layernorm,"{""activation_fns"":[""Erf""],""attention_variant"":""mha"",""dtype_histogram"":{""float"":101},""hidden_size"":null,""input_shapes"":{""attention_mask"":[1,128],""input_ids"":[1,128],""token_type_ids"":[1,128]},""kv_cache_layout"":null,""n_heads"":12,""n_initializers"":101,""n_kv_heads"":12,""n_layers"":6,""n_nodes"":339,""n_parameters"":22565376,""norm_type"":""layernorm"",""op_histogram"":{""Add"":63,""And"":2,""Cast"":3,""Concat"":1,""Constant"":83,""ConstantOfShape"":2,""Div"":6,""Equal"":1,""Erf"":6,""Expand"":1,""Flatten"":1,""Gather"":5,""GreaterOrEqual"":1,""IsNaN"":6,""LayerNormalization"":13,""MatMul"":48,""Mul"":26,""Reshape"":26,""Shape"":2,""Softmax"":6,""Transpose"":24,""Where"":13},""opset"":{""ai.onnx"":17},""output_shapes"":{""last_hidden_state"":[1,128,384]}}",2026-08-08 15:32:00.308095-04
05fdb8dad7edb566,561,22565376,mha,layernorm,"{""activation_fns"":[""Erf""],""attention_variant"":""mha"",""dtype_histogram"":{""float"":101},""hidden_size"":null,""input_shapes"":{""attention_mask"":[""batch"",""sequence""],""input_ids"":[""batch"",""sequence""],""token_type_ids"":[""batch"",""sequence""]},""kv_cache_layout"":null,""n_heads"":12,""n_initializers"":101,""n_kv_heads"":12,""n_layers"":6,""n_nodes"":561,""n_parameters"":22565376,""norm_type"":""layernorm"",""op_histogram"":{""Add"":63,""And"":2,""Cast"":6,""Concat"":26,""Constant"":182,""ConstantOfShape"":2,""Div"":6,""Equal"":1,""Erf"":6,""Expand"":1,""Flatten"":1,""Gather"":19,""GreaterOrEqual"":1,""IsNaN"":6,""LayerNormalization"":13,""MatMul"":48,""Mul"":26,""Range"":3,""Reshape"":27,""Shape"":17,""Slice"":1,""Softmax"":6,""Transpose"":24,""Unsqueeze"":61,""Where"":13},""opset"":{""ai.onnx"":17},""output_shapes"":{""last_hidden_state"":[""batch"",""LayerNormalizationlast_hidden_state_dim_1"",384]}}",2026-08-08 15:32:00.309092-04
8113a4c5aafef316,340,22565376,mha,layernorm,"{""activation_fns"":[""Erf""],""attention_variant"":""mha"",""dtype_histogram"":{""float16"":101},""hidden_size"":null,""input_shapes"":{""attention_mask"":[1,128],""input_ids"":[1,128],""token_type_ids"":[1,128]},""kv_cache_layout"":null,""n_heads"":12,""n_initializers"":101,""n_kv_heads"":12,""n_layers"":6,""n_nodes"":340,""n_parameters"":22565376,""norm_type"":""layernorm"",""op_histogram"":{""Add"":63,""And"":2,""Cast"":4,""Concat"":1,""Constant"":83,""ConstantOfShape"":2,""Div"":6,""Equal"":1,""Erf"":6,""Expand"":1,""Flatten"":1,""Gather"":5,""GreaterOrEqual"":1,""IsNaN"":6,""LayerNormalization"":13,""MatMul"":48,""Mul"":26,""Reshape"":26,""Shape"":2,""Softmax"":6,""Transpose"":24,""Where"":13},""opset"":{""ai.onnx"":17},""output_shapes"":{""last_hidden_state"":[1,128,384]}}",2026-08-08 15:32:00.310086-04
936d360d510f2b8a,474,22565454,mha,layernorm,"{""activation_fns"":[""Erf""],""attention_variant"":""mha"",""dtype_histogram"":{""float"":101,""int8"":72,""uint8"":6},""hidden_size"":null,""input_shapes"":{""attention_mask"":[1,128],""input_ids"":[1,128],""token_type_ids"":[1,128]},""kv_cache_layout"":null,""n_heads"":12,""n_initializers"":179,""n_kv_heads"":12,""n_layers"":6,""n_nodes"":474,""n_parameters"":22565454,""norm_type"":""layernorm"",""op_histogram"":{""Add"":63,""And"":2,""Cast"":39,""Concat"":1,""Constant"":83,""ConstantOfShape"":2,""DequantizeLinear"":3,""Div"":6,""DynamicQuantizeLinear"":24,""Equal"":1,""Erf"":6,""Expand"":1,""Flatten"":1,""Gather"":5,""GreaterOrEqual"":1,""IsNaN"":6,""LayerNormalization"":13,""MatMul"":12,""MatMulInteger"":36,""Mul"":98,""Reshape"":26,""Shape"":2,""Softmax"":6,""Transpose"":24,""Where"":13},""opset"":{""ai.onnx"":17},""output_shapes"":{""last_hidden_state"":[1,128,384]}}",2026-08-08 15:32:00.311079-04
33b5bf9d4caf8349,474,22606854,mha,layernorm,"{""activation_fns"":[""Erf""],""attention_variant"":""mha"",""dtype_histogram"":{""float"":101,""int8"":72,""uint8"":6},""hidden_size"":null,""input_shapes"":{""attention_mask"":[1,128],""input_ids"":[1,128],""token_type_ids"":[1,128]},""kv_cache_layout"":null,""n_heads"":12,""n_initializers"":179,""n_kv_heads"":12,""n_layers"":6,""n_nodes"":474,""n_parameters"":22606854,""norm_type"":""layernorm"",""op_histogram"":{""Add"":63,""And"":2,""Cast"":39,""Concat"":1,""Constant"":83,""ConstantOfShape"":2,""DequantizeLinear"":3,""Div"":6,""DynamicQuantizeLinear"":24,""Equal"":1,""Erf"":6,""Expand"":1,""Flatten"":1,""Gather"":5,""GreaterOrEqual"":1,""IsNaN"":6,""LayerNormalization"":13,""MatMul"":12,""MatMulInteger"":36,""Mul"":98,""Reshape"":26,""Shape"":2,""Softmax"":6,""Transpose"":24,""Where"":13},""opset"":{""ai.onnx"":17},""output_shapes"":{""last_hidden_state"":[1,128,384]}}",2026-08-08 15:32:00.31212-04
a3df83914afcd71a,337,66362880,mha,layernorm,"{""activation_fns"":[""Erf""],""attention_variant"":""mha"",""dtype_histogram"":{""float"":100},""hidden_size"":null,""input_shapes"":{""attention_mask"":[1,128],""input_ids"":[1,128]},""kv_cache_layout"":null,""n_heads"":12,""n_initializers"":100,""n_kv_heads"":12,""n_layers"":6,""n_nodes"":337,""n_parameters"":66362880,""norm_type"":""layernorm"",""op_histogram"":{""Add"":62,""And"":2,""Cast"":3,""Concat"":1,""Constant"":83,""ConstantOfShape"":2,""Div"":6,""Equal"":1,""Erf"":6,""Expand"":1,""Flatten"":1,""Gather"":4,""GreaterOrEqual"":1,""IsNaN"":6,""LayerNormalization"":13,""MatMul"":48,""Mul"":26,""Reshape"":26,""Shape"":2,""Softmax"":6,""Transpose"":24,""Where"":13},""opset"":{""ai.onnx"":17},""output_shapes"":{""last_hidden_state"":[1,128,768]}}",2026-08-08 15:32:00.313107-04
dfdae082307d2eb9,559,66362880,mha,layernorm,"{""activation_fns"":[""Erf""],""attention_variant"":""mha"",""dtype_histogram"":{""float"":100},""hidden_size"":null,""input_shapes"":{""attention_mask"":[""batch"",""sequence""],""input_ids"":[""batch"",""sequence""]},""kv_cache_layout"":null,""n_heads"":12,""n_initializers"":100,""n_kv_heads"":12,""n_layers"":6,""n_nodes"":559,""n_parameters"":66362880,""norm_type"":""layernorm"",""op_histogram"":{""Add"":62,""And"":2,""Cast"":6,""Concat"":26,""Constant"":182,""ConstantOfShape"":2,""Div"":6,""Equal"":1,""Erf"":6,""Expand"":1,""Flatten"":1,""Gather"":18,""GreaterOrEqual"":1,""IsNaN"":6,""LayerNormalization"":13,""MatMul"":48,""Mul"":26,""Range"":3,""Reshape"":27,""Shape"":17,""Slice"":1,""Softmax"":6,""Transpose"":24,""Unsqueeze"":61,""Where"":13},""opset"":{""ai.onnx"":17},""output_shapes"":{""last_hidden_state"":[""batch"",""LayerNormalizationlast_hidden_state_dim_1"",768]}}",2026-08-08 15:32:00.314091-04
1fb0ce44ce670681,338,66362880,mha,layernorm,"{""activation_fns"":[""Erf""],""attention_variant"":""mha"",""dtype_histogram"":{""float16"":100},""hidden_size"":null,""input_shapes"":{""attention_mask"":[1,128],""input_ids"":[1,128]},""kv_cache_layout"":null,""n_heads"":12,""n_initializers"":100,""n_kv_heads"":12,""n_layers"":6,""n_nodes"":338,""n_parameters"":66362880,""norm_type"":""layernorm"",""op_histogram"":{""Add"":62,""And"":2,""Cast"":4,""Concat"":1,""Constant"":83,""ConstantOfShape"":2,""Div"":6,""Equal"":1,""Erf"":6,""Expand"":1,""Flatten"":1,""Gather"":4,""GreaterOrEqual"":1,""IsNaN"":6,""LayerNormalization"":13,""MatMul"":48,""Mul"":26,""Reshape"":26,""Shape"":2,""Softmax"":6,""Transpose"":24,""Where"":13},""opset"":{""ai.onnx"":17},""output_shapes"":{""last_hidden_state"":[1,128,768]}}",2026-08-08 15:32:00.315074-04
6afc5556c45c9d3e,471,66362956,mha,layernorm,"{""activation_fns"":[""Erf""],""attention_variant"":""mha"",""dtype_histogram"":{""float"":100,""int8"":72,""uint8"":4},""hidden_size"":null,""input_shapes"":{""attention_mask"":[1,128],""input_ids"":[1,128]},""kv_cache_layout"":null,""n_heads"":12,""n_initializers"":176,""n_kv_heads"":12,""n_layers"":6,""n_nodes"":471,""n_parameters"":66362956,""norm_type"":""layernorm"",""op_histogram"":{""Add"":62,""And"":2,""Cast"":39,""Concat"":1,""Constant"":83,""ConstantOfShape"":2,""DequantizeLinear"":2,""Div"":6,""DynamicQuantizeLinear"":24,""Equal"":1,""Erf"":6,""Expand"":1,""Flatten"":1,""Gather"":4,""GreaterOrEqual"":1,""IsNaN"":6,""LayerNormalization"":13,""MatMul"":12,""MatMulInteger"":36,""Mul"":98,""Reshape"":26,""Shape"":2,""Softmax"":6,""Transpose"":24,""Where"":13},""opset"":{""ai.onnx"":17},""output_shapes"":{""last_hidden_state"":[1,128,768]}}",2026-08-08 15:32:00.316075-04
683949890ff8af07,471,66445828,mha,layernorm,"{""activation_fns"":[""Erf""],""attention_variant"":""mha"",""dtype_histogram"":{""float"":100,""int8"":72,""uint8"":4},""hidden_size"":null,""input_shapes"":{""attention_mask"":[1,128],""input_ids"":[1,128]},""kv_cache_layout"":null,""n_heads"":12,""n_initializers"":176,""n_kv_heads"":12,""n_layers"":6,""n_nodes"":471,""n_parameters"":66445828,""norm_type"":""layernorm"",""op_histogram"":{""Add"":62,""And"":2,""Cast"":39,""Concat"":1,""Constant"":83,""ConstantOfShape"":2,""DequantizeLinear"":2,""Div"":6,""DynamicQuantizeLinear"":24,""Equal"":1,""Erf"":6,""Expand"":1,""Flatten"":1,""Gather"":4,""GreaterOrEqual"":1,""IsNaN"":6,""LayerNormalization"":13,""MatMul"":12,""MatMulInteger"":36,""Mul"":98,""Reshape"":26,""Shape"":2,""Softmax"":6,""Transpose"":24,""Where"":13},""opset"":{""ai.onnx"":17},""output_shapes"":{""last_hidden_state"":[1,128,768]}}",2026-08-08 15:32:00.317084-04
ccda04792df66adc,1054,3489097,none,unknown,"{""activation_fns"":[],""attention_variant"":""none"",""dtype_histogram"":{""float"":106},""hidden_size"":null,""input_shapes"":{""pixel_values"":[1,3,224,224]},""kv_cache_layout"":null,""n_heads"":null,""n_initializers"":106,""n_kv_heads"":null,""n_layers"":null,""n_nodes"":1054,""n_parameters"":3489097,""norm_type"":""unknown"",""op_histogram"":{""Add"":10,""Cast"":52,""Clip"":35,""Concat"":52,""Constant"":538,""ConstantOfShape"":52,""Conv"":52,""Flatten"":1,""Gemm"":1,""GlobalAveragePool"":1,""Pad"":52,""Reshape"":104,""Slice"":52,""Transpose"":52},""opset"":{""ai.onnx"":17},""output_shapes"":{""logits"":[""Gemmlogits_dim_0"",1001]}}",2026-08-08 15:32:00.318173-04
50ce0b279fc603f8,122,25530472,none,unknown,"{""activation_fns"":[""Relu""],""attention_variant"":""none"",""dtype_histogram"":{""float"":108},""hidden_size"":null,""input_shapes"":{""pixel_values"":[1,3,224,224]},""kv_cache_layout"":null,""n_heads"":null,""n_initializers"":108,""n_kv_heads"":null,""n_layers"":null,""n_nodes"":122,""n_parameters"":25530472,""norm_type"":""unknown"",""op_histogram"":{""Add"":16,""Conv"":53,""Flatten"":1,""Gemm"":1,""GlobalAveragePool"":1,""MaxPool"":1,""Relu"":49},""opset"":{""ai.onnx"":17},""output_shapes"":{""logits"":[1,1000]}}",2026-08-08 15:32:00.3192-04
1cae92ed03e234dd,343,28589128,none,layernorm,"{""activation_fns"":[""Erf""],""attention_variant"":""none"",""dtype_histogram"":{""float"":182},""hidden_size"":null,""input_shapes"":{""pixel_values"":[1,3,224,224]},""kv_cache_layout"":null,""n_heads"":null,""n_initializers"":182,""n_kv_heads"":null,""n_layers"":null,""n_nodes"":343,""n_parameters"":28589128,""norm_type"":""layernorm"",""op_histogram"":{""Add"":72,""Constant"":54,""Conv"":22,""Div"":18,""Erf"":18,""Gemm"":1,""LayerNormalization"":23,""MatMul"":36,""Mul"":54,""ReduceMean"":1,""Transpose"":44},""opset"":{""ai.onnx"":17},""output_shapes"":{""logits"":[1,1000]}}",2026-08-08 15:32:00.32023-04
fd289445876445eb,632,85798656,unknown,layernorm,"{""activation_fns"":[""Erf""],""attention_variant"":""unknown"",""dtype_histogram"":{""float"":198},""hidden_size"":null,""input_shapes"":{""pixel_values"":[1,3,224,224]},""kv_cache_layout"":null,""n_heads"":null,""n_initializers"":198,""n_kv_heads"":null,""n_layers"":null,""n_nodes"":632,""n_parameters"":85798656,""norm_type"":""layernorm"",""op_histogram"":{""Add"":121,""Concat"":2,""Constant"":156,""ConstantOfShape"":2,""Conv"":1,""Div"":12,""Equal"":2,""Erf"":12,""Expand"":2,""GreaterOrEqual"":1,""IsNaN"":12,""LayerNormalization"":25,""MatMul"":96,""Mul"":50,""Reshape"":49,""Shape"":1,""Slice"":1,""Softmax"":12,""Transpose"":49,""Where"":26},""opset"":{""ai.onnx"":17},""output_shapes"":{""last_hidden_state"":[1,197,768]}}",2026-08-08 15:32:00.321193-04
fe9dc0911ebe33c0,635,22050664,unknown,layernorm,"{""activation_fns"":[""Erf""],""attention_variant"":""unknown"",""dtype_histogram"":{""float"":200},""hidden_size"":null,""input_shapes"":{""pixel_values"":[1,3,224,224]},""kv_cache_layout"":null,""n_heads"":null,""n_initializers"":200,""n_kv_heads"":null,""n_layers"":null,""n_nodes"":635,""n_parameters"":22050664,""norm_type"":""layernorm"",""op_histogram"":{""Add"":121,""Concat"":2,""Constant"":157,""ConstantOfShape"":2,""Conv"":1,""Div"":12,""Equal"":2,""Erf"":12,""Expand"":2,""Gather"":1,""Gemm"":1,""GreaterOrEqual"":1,""IsNaN"":12,""LayerNormalization"":25,""MatMul"":96,""Mul"":50,""Reshape"":49,""Shape"":1,""Slice"":1,""Softmax"":12,""Transpose"":49,""Where"":26},""opset"":{""ai.onnx"":17},""output_shapes"":{""logits"":[1,1000]}}",2026-08-08 15:32:00.322178-04
